{
  "_fv": 34,
  "_type": "livingentity",
  "definition": {
    "mobName": "Sprinter Zombie",
    "mobLabel": "",
    "mobModelName": "Modelsprinter_zombie",
    "mobModelTexture": "sprinter_zombie.png",
    "mobModelGlowTexture": "",
    "modelWidth": 0.45,
    "modelHeight": 1.95,
    "modelShadowSize": 0.5,
    "mountedYOffset": 0.5,
    "hasSpawnEgg": true,
    "spawnEggBaseColor": {
      "value": -14269861,
      "falpha": 0.0
    },
    "spawnEggDotColor": {
      "value": -9273797,
      "falpha": 0.0
    },
    "creativeTab": {
      "value": "MISC"
    },
    "isBoss": false,
    "bossBarColor": "PINK",
    "bossBarType": "PROGRESS",
    "equipmentMainHand": {
      "value": ""
    },
    "equipmentOffHand": {
      "value": ""
    },
    "equipmentHelmet": {
      "value": ""
    },
    "equipmentBody": {
      "value": ""
    },
    "equipmentLeggings": {
      "value": ""
    },
    "equipmentBoots": {
      "value": ""
    },
    "mobBehaviourType": "Mob",
    "mobCreatureType": "UNDEAD",
    "attackStrength": 3,
    "attackKnockback": 0.0,
    "knockbackResistance": 0.0,
    "movementSpeed": 0.36,
    "armorBaseValue": 0.0,
    "trackingRange": 64,
    "followRange": 16,
    "health": 16,
    "xpAmount": 8,
    "waterMob": false,
    "flyingMob": false,
    "guiBoundTo": "<NONE>",
    "inventorySize": 9,
    "inventoryStackSize": 64,
    "disableCollisions": false,
    "ridable": false,
    "canControlForward": false,
    "canControlStrafe": false,
    "immuneToFire": false,
    "immuneToArrows": false,
    "immuneToFallDamage": false,
    "immuneToCactus": false,
    "immuneToDrowning": false,
    "immuneToLightning": false,
    "immuneToPotions": false,
    "immuneToPlayer": false,
    "immuneToExplosion": false,
    "immuneToTrident": false,
    "immuneToAnvil": false,
    "immuneToWither": false,
    "immuneToDragonBreath": false,
    "mobDrop": {
      "value": "Items.ROTTEN_FLESH"
    },
    "livingSound": {
      "value": "entity.zombie.ambient"
    },
    "hurtSound": {
      "value": "entity.zombie.hurt"
    },
    "deathSound": {
      "value": "entity.zombie.death"
    },
    "stepSound": {
      "value": "entity.zombie.step"
    },
    "spawnParticles": false,
    "particleToSpawn": {
      "value": "EXPLOSION_NORMAL"
    },
    "particleSpawningShape": "Spread",
    "particleSpawningRadious": 0.5,
    "particleAmount": 4,
    "whenMobIsHurt": {
      "name": "SprinterzombieEntityIsHurt"
    },
    "hasAI": true,
    "aiBase": "Zombie",
    "aixml": "<xml xmlns=\"https://developers.google.com/blockly/xml\"><block type=\"aitasks_container\" deletable=\"false\" x=\"68\" y=\"119\"><next><block type=\"attack_on_collide\"><field name=\"speed\">1</field><field name=\"longmemory\">TRUE</field><field name=\"condition\">null,null</field><next><block type=\"attack_action\"><field name=\"callhelp\">FALSE</field><field name=\"condition\">null,null</field><next><block type=\"wander\"><field name=\"speed\">0.6</field><field name=\"condition\">null,null</field><next><block type=\"attack_entity\"><field name=\"insight\">FALSE</field><field name=\"nearby\">FALSE</field><field name=\"entity\">EntityPlayer</field><field name=\"condition\">null,null</field><next><block type=\"leap_at_target\"><field name=\"speed\">0.45</field><field name=\"condition\">null,null</field><next><block type=\"look_around\"><field name=\"condition\">null,null</field><next><block type=\"swim\"><field name=\"speed\">2</field><field name=\"condition\">null,null</field></block></next></block></next></block></next></block></next></block></next></block></next></block></next></block></xml>",
    "breedable": false,
    "tameable": false,
    "breedTriggerItems": [],
    "ranged": false,
    "rangedAttackItem": {
      "value": ""
    },
    "rangedItemType": "Default item",
    "spawnThisMob": true,
    "doesDespawnWhenIdle": true,
    "spawningProbability": 75,
    "mobSpawningType": "monster",
    "minNumberOfMobsPerGroup": 1,
    "maxNumberOfMobsPerGroup": 1,
    "restrictionBiomes": [
      {
        "value": "badlands"
      },
      {
        "value": "badlands_plateau"
      },
      {
        "value": "bamboo_jungle"
      },
      {
        "value": "bamboo_jungle_hills"
      },
      {
        "value": "beaches"
      },
      {
        "value": "birch_forest"
      },
      {
        "value": "birch_forest_hills"
      },
      {
        "value": "roofed_forest"
      },
      {
        "value": "mutated_roofed_forest"
      },
      {
        "value": "desert"
      },
      {
        "value": "desert_hills"
      },
      {
        "value": "mutated_desert"
      },
      {
        "value": "dripstone_caves"
      },
      {
        "value": "mutated_mesa"
      },
      {
        "value": "mutated_forest"
      },
      {
        "value": "forest"
      },
      {
        "value": "forest_hills"
      },
      {
        "value": "frozen_peaks"
      },
      {
        "value": "grove"
      },
      {
        "value": "mutated_ice_flats"
      },
      {
        "value": "jagged_peaks"
      },
      {
        "value": "jungle"
      },
      {
        "value": "jungle_hills"
      },
      {
        "value": "lush_caves"
      },
      {
        "value": "meadow"
      },
      {
        "value": "mutated_mesa_clear_rock"
      },
      {
        "value": "mutated_extreme_hills_with_trees"
      },
      {
        "value": "mutated_jungle"
      },
      {
        "value": "mutated_jungle_edge"
      },
      {
        "value": "mutated_mesa_rock"
      },
      {
        "value": "smaller_extreme_hills"
      },
      {
        "value": "mutated_birch_forest"
      },
      {
        "value": "mutated_birch_forest_hills"
      },
      {
        "value": "redwood_taiga"
      },
      {
        "value": "redwood_taiga_hills"
      },
      {
        "value": "mutated_redwood_taiga"
      },
      {
        "value": "mutated_redwood_taiga_hills"
      },
      {
        "value": "plains"
      },
      {
        "value": "river"
      },
      {
        "value": "savanna"
      },
      {
        "value": "savanna_rock"
      },
      {
        "value": "mutated_savanna_rock"
      },
      {
        "value": "snowy_slopes"
      },
      {
        "value": "cold_beach"
      },
      {
        "value": "snowy_mountains"
      },
      {
        "value": "snowy_tundra"
      },
      {
        "value": "taiga_cold"
      },
      {
        "value": "taiga_cold_hills"
      },
      {
        "value": "mutated_taiga_cold"
      },
      {
        "value": "jungle_edge"
      },
      {
        "value": "stony_peaks"
      },
      {
        "value": "stone_beach"
      },
      {
        "value": "mutated_plains"
      },
      {
        "value": "swamp"
      },
      {
        "value": "mutated_swampland"
      },
      {
        "value": "taiga"
      },
      {
        "value": "taiga_hills"
      },
      {
        "value": "mutated_taiga"
      },
      {
        "value": "extreme_hills_with_trees"
      },
      {
        "value": "mutated_extreme_hills"
      },
      {
        "value": "mountains"
      },
      {
        "value": "mutated_savanna"
      },
      {
        "value": "wooded_badlands_plateau"
      },
      {
        "value": "mangrove_swamp"
      }
    ],
    "spawnInDungeons": false
  }
}