{
  "display": {
    "icon": {
      "item": "enemyexpansion:pheromone_projectile"
    },
    "title": {
      "translate": "advancements.on_my_wasp_biz.title"
    },
    "description": {
      "translate": "advancements.on_my_wasp_biz.descr"
    },
    "frame": "task",
    "show_toast": true,
    "announce_to_chat": true,
    "hidden": true
  },
  "criteria": {
    "on_my_wasp_biz": {
      "trigger": "minecraft:impossible"
    }
  },
  "rewards": {
    "experience": 10
  },
  "parent": "minecraft:story/root"
}