{
	"format_version": "1.8.0",
	"animations": {
		"idle": {
			"loop": true,
			"animation_length": 6,
			"bones": {
				"head": {
					"rotation": {
						"0.0": {
							"vector": [0, 0, 0]
						},
						"1.5": {
							"vector": [1, 0, 0],
							"easing": "easeInOutSine"
						},
						"3.0": {
							"vector": [0, 0, 0],
							"easing": "easeInOutSine"
						},
						"4.5": {
							"vector": [1, 0, 0],
							"easing": "easeInOutSine"
						},
						"6.0": {
							"vector": [0, 0, 0],
							"easing": "easeInOutSine"
						}
					}
				},
				"buttox": {
					"rotation": {
						"0.0": {
							"vector": [0, 0, 0]
						},
						"1.5": {
							"vector": [-1, 0, 0],
							"easing": "easeInOutSine"
						},
						"3.0": {
							"vector": [0, 0, 0],
							"easing": "easeInOutSine"
						},
						"4.5": {
							"vector": [-1, 0, 0],
							"easing": "easeInOutSine"
						},
						"6.0": {
							"vector": [0, 0, 0],
							"easing": "easeInOutSine"
						}
					}
				},
				"rightleg4": {
					"rotation": {
						"0.375": {
							"vector": [0, 0, 0]
						},
						"0.5": {
							"vector": [0, 0, 2.5]
						},
						"0.625": {
							"vector": [0, 0, 0]
						}
					}
				},
				"leftleg4": {
					"rotation": {
						"4.5": {
							"vector": [0, 0, 0]
						},
						"4.625": {
							"vector": [0, 0, -2.5]
						},
						"4.75": {
							"vector": [0, 0, 0]
						}
					}
				},
				"rightleg3": {
					"rotation": {
						"2.0": {
							"vector": [0, 0, 0]
						},
						"2.125": {
							"vector": [0, 0, 2.5]
						},
						"2.25": {
							"vector": [0, 0, 0]
						}
					}
				},
				"leftleg3": {
					"rotation": {
						"5.7083": {
							"vector": [0, 0, 0]
						},
						"5.8333": {
							"vector": [0, 0, -2.5]
						},
						"5.9583": {
							"vector": [0, 0, 0]
						}
					}
				},
				"rightleg2": {
					"rotation": {
						"3.2083": {
							"vector": [0, 0, 0]
						},
						"3.3333": {
							"vector": [0, 0, 2.5]
						},
						"3.4583": {
							"vector": [0, 0, 0]
						}
					}
				},
				"leftleg2": {
					"rotation": {
						"0.9583": {
							"vector": [0, 0, 0]
						},
						"1.0833": {
							"vector": [0, 0, -2.5]
						},
						"1.2083": {
							"vector": [0, 0, 0]
						}
					}
				},
				"rightleg1": {
					"rotation": {
						"3.6667": {
							"vector": [0, 0, 0]
						},
						"3.7917": {
							"vector": [0, 0, 2.5]
						},
						"3.9167": {
							"vector": [0, 0, 0]
						}
					}
				},
				"leftleg1": {
					"rotation": {
						"2.75": {
							"vector": [0, 0, 0]
						},
						"2.875": {
							"vector": [0, 0, -2.5]
						},
						"3.0": {
							"vector": [0, 0, 0]
						}
					}
				}
			}
		},
		"walk": {
			"loop": true,
			"animation_length": 1,
			"bones": {
				"head": {
					"rotation": {
						"0.0": {
							"vector": [0, 0, 0]
						},
						"0.25": {
							"vector": [1, 0, 0],
							"easing": "easeInOutSine"
						},
						"0.5": {
							"vector": [0, 0, 0],
							"easing": "easeOutSine"
						},
						"0.75": {
							"vector": [1, 0, 0],
							"easing": "easeInOutSine"
						},
						"1.0": {
							"vector": [0, 0, 0],
							"easing": "easeOutSine"
						}
					}
				},
				"leftleg1": {
					"rotation": {
						"0.0": {
							"vector": [0, 10, 0]
						},
						"0.1667": {
							"vector": [3.86321, -24.08811, -11.78681],
							"easing": "easeOutSine"
						},
						"0.3333": {
							"vector": [0, -5, -45],
							"easing": "easeInOutSine"
						},
						"0.5": {
							"vector": [0, 10, 0]
						},
						"0.6667": {
							"vector": [3.86321, -24.08811, -11.78681],
							"easing": "easeOutSine"
						},
						"0.8333": {
							"vector": [0, -5, -45],
							"easing": "easeInOutSine"
						},
						"1.0": {
							"vector": [0, 10, 0]
						}
					}
				},
				"leftleg2": {
					"rotation": {
						"0.0": {
							"vector": [2.97194, 0.5452, -21.52934]
						},
						"0.1667": {
							"vector": [0, 0, 0]
						},
						"0.3333": {
							"vector": [0, -22.5, 0]
						},
						"0.5": {
							"vector": [2.97194, 0.5452, -21.52934]
						},
						"0.6667": {
							"vector": [0, 0, 0]
						},
						"0.8333": {
							"vector": [0, -22.5, 0]
						},
						"1.0": {
							"vector": [2.97194, 0.5452, -21.52934]
						}
					}
				},
				"leftleg3": {
					"rotation": {
						"0.0": {
							"vector": [-0.32652, 17.4786, -7.50706]
						},
						"0.1667": {
							"vector": [3.86321, -24.08811, -11.78681],
							"easing": "easeOutSine"
						},
						"0.3333": {
							"vector": [0, -5, -45],
							"easing": "easeInOutSine"
						},
						"0.5": {
							"vector": [0, 17.5, 0]
						},
						"0.6667": {
							"vector": [3.86321, -24.08811, -11.78681],
							"easing": "easeOutSine"
						},
						"0.8333": {
							"vector": [0, -5, -45],
							"easing": "easeInOutSine"
						},
						"1.0": {
							"vector": [-0.32652, 17.4786, -7.50706]
						}
					}
				},
				"leftleg4": {
					"rotation": {
						"0.0": {
							"vector": [13.27146, 33.32688, -38.77091]
						},
						"0.1667": {
							"vector": [0, 0, 0]
						},
						"0.3333": {
							"vector": [-22.83259, -12.68193, 23.54206]
						},
						"0.5": {
							"vector": [13.27146, 33.32688, -38.77091]
						},
						"0.6667": {
							"vector": [0, 0, 0]
						},
						"0.8333": {
							"vector": [-22.83259, -12.68193, 23.54206]
						},
						"1.0": {
							"vector": [13.97235, 23.60662, -41.22469]
						}
					}
				},
				"rightleg1": {
					"rotation": {
						"0.0": {
							"vector": [0, 22.5, 0]
						},
						"0.1667": {
							"vector": [-25.2895, 21.86821, 50.25751]
						},
						"0.3333": {
							"vector": [0, -7.5, 0]
						},
						"0.5": {
							"vector": [0, 22.5, 0]
						},
						"0.6667": {
							"vector": [-25.2895, 21.86821, 50.25751]
						},
						"0.8333": {
							"vector": [0, -7.5, 0]
						},
						"1.0": {
							"vector": [0, 22.5, 0]
						}
					}
				},
				"rightleg2": {
					"rotation": {
						"0.0": {
							"vector": [0, 0, 0]
						},
						"0.1667": {
							"vector": [3.01328, 20.84005, -9.04188],
							"easing": "easeOutSine"
						},
						"0.3333": {
							"vector": [-18.88172, 8.28229, 26.11828],
							"easing": "easeInOutSine"
						},
						"0.5": {
							"vector": [0, 0, 0],
							"easing": "easeInSine"
						},
						"0.6667": {
							"vector": [3.01328, 20.84005, -9.04188],
							"easing": "easeOutSine"
						},
						"0.8333": {
							"vector": [-18.88172, 8.28229, 26.11828],
							"easing": "easeInOutSine"
						},
						"1.0": {
							"vector": [0, 0, 0],
							"easing": "easeInSine"
						}
					}
				},
				"rightleg3": {
					"rotation": {
						"0.0": {
							"vector": [0, 0, -2.5]
						},
						"0.1667": {
							"vector": [0, 0, 42.5]
						},
						"0.3333": {
							"vector": [3.47875, -21.64851, -7.70212]
						},
						"0.5": {
							"vector": [0.44067, -5.00962, -12.46148]
						},
						"0.6667": {
							"vector": [0, 0, 42.5]
						},
						"0.8333": {
							"vector": [2.88419, -21.92618, -2.67458]
						},
						"1.0": {
							"vector": [0, 0, -2.5]
						}
					}
				},
				"rightleg4": {
					"rotation": {
						"0.0": {
							"vector": [17.63944, -25.95998, 11.18823]
						},
						"0.1667": {
							"vector": [-2.01766, 4.93836, -3.76805]
						},
						"0.3333": {
							"vector": [2.17136, -37.73758, 47.59055]
						},
						"0.5": {
							"vector": [15.00208, -23.84904, 3.52361]
						},
						"0.6667": {
							"vector": [-7.90223, 4.50522, -11.47642]
						},
						"0.8333": {
							"vector": [2.17136, -37.73758, 47.59055]
						},
						"1.0": {
							"vector": [17.63944, -25.95998, 11.18823]
						}
					}
				},
				"all": {
					"position": {
						"0.0": {
							"vector": [0, 0, 0]
						},
						"0.5": {
							"vector": [0, -0.5, 0],
							"easing": "easeInOutSine"
						},
						"1.0": {
							"vector": [0, 0, 0],
							"easing": "easeOutSine"
						}
					}
				},
				"buttox": {
					"rotation": {
						"0.0": {
							"vector": [0, 0, 0]
						},
						"0.5": {
							"vector": [7.5, 0, 0],
							"easing": "easeInOutSine"
						},
						"1.0": {
							"vector": [0, 0, 0],
							"easing": "easeInSine"
						}
					}
				},
				"leftlegs": {
					"rotation": {
						"0.0": {
							"vector": [0, 0, 5]
						},
						"0.5": {
							"vector": [0, 0, 0],
							"easing": "easeInOutSine"
						},
						"1.0": {
							"vector": [0, 0, 5],
							"easing": "easeOutSine"
						}
					}
				},
				"rightlegs": {
					"rotation": {
						"0.0": {
							"vector": [0, 0, 0]
						},
						"0.5": {
							"vector": [0, 0, 7.5],
							"easing": "easeInOutSine"
						},
						"1.0": {
							"vector": [0, 0, 0],
							"easing": "easeOutSine"
						}
					}
				}
			}
		},
		"sprint": {
			"loop": true,
			"animation_length": 0.54167,
			"bones": {
				"head": {
					"rotation": {
						"0.0": {
							"vector": [0, 0, 0]
						},
						"0.125": {
							"vector": [1, 0, 0],
							"easing": "easeInOutSine"
						},
						"0.2917": {
							"vector": [0, 0, 0],
							"easing": "easeOutSine"
						},
						"0.4167": {
							"vector": [1, 0, 0],
							"easing": "easeInOutSine"
						},
						"0.5417": {
							"vector": [0, 0, 0],
							"easing": "easeOutSine"
						}
					}
				},
				"leftleg1": {
					"rotation": {
						"0.0": {
							"vector": [0, 10, 0]
						},
						"0.0833": {
							"vector": [3.86321, -24.08811, -11.78681],
							"easing": "easeOutSine"
						},
						"0.2083": {
							"vector": [0, -5, -45],
							"easing": "easeInOutSine"
						},
						"0.2917": {
							"vector": [0, 10, 0]
						},
						"0.375": {
							"vector": [3.86321, -24.08811, -11.78681],
							"easing": "easeOutSine"
						},
						"0.4583": {
							"vector": [0, -5, -45],
							"easing": "easeInOutSine"
						},
						"0.5417": {
							"vector": [0, 10, 0]
						}
					}
				},
				"leftleg2": {
					"rotation": {
						"0.0": {
							"vector": [2.97194, 0.5452, -21.52934]
						},
						"0.0833": {
							"vector": [0, 0, 0]
						},
						"0.2083": {
							"vector": [0, -22.5, 0]
						},
						"0.2917": {
							"vector": [2.97194, 0.5452, -21.52934]
						},
						"0.375": {
							"vector": [0, 0, 0]
						},
						"0.4583": {
							"vector": [0, -22.5, 0]
						},
						"0.5417": {
							"vector": [2.97194, 0.5452, -21.52934]
						}
					}
				},
				"leftleg3": {
					"rotation": {
						"0.0": {
							"vector": [-0.32652, 17.4786, -7.50706]
						},
						"0.0833": {
							"vector": [3.86321, -24.08811, -11.78681],
							"easing": "easeOutSine"
						},
						"0.2083": {
							"vector": [0, -5, -45],
							"easing": "easeInOutSine"
						},
						"0.2917": {
							"vector": [0, 17.5, 0]
						},
						"0.375": {
							"vector": [3.86321, -24.08811, -11.78681],
							"easing": "easeOutSine"
						},
						"0.4583": {
							"vector": [0, -5, -45],
							"easing": "easeInOutSine"
						},
						"0.5417": {
							"vector": [-0.32652, 17.4786, -7.50706]
						}
					}
				},
				"leftleg4": {
					"rotation": {
						"0.0": {
							"vector": [13.27146, 33.32688, -38.77091]
						},
						"0.0833": {
							"vector": [0, 0, 0]
						},
						"0.2083": {
							"vector": [-22.83259, -12.68193, 23.54206]
						},
						"0.2917": {
							"vector": [13.27146, 33.32688, -38.77091]
						},
						"0.375": {
							"vector": [0, 0, 0]
						},
						"0.4583": {
							"vector": [-22.83259, -12.68193, 23.54206]
						},
						"0.5417": {
							"vector": [13.97235, 23.60662, -41.22469]
						}
					}
				},
				"rightleg1": {
					"rotation": {
						"0.0": {
							"vector": [0, 22.5, 0]
						},
						"0.0833": {
							"vector": [-25.2895, 21.86821, 50.25751]
						},
						"0.2083": {
							"vector": [0, -7.5, 0]
						},
						"0.2917": {
							"vector": [0, 22.5, 0]
						},
						"0.375": {
							"vector": [-25.2895, 21.86821, 50.25751]
						},
						"0.4583": {
							"vector": [0, -7.5, 0]
						},
						"0.5417": {
							"vector": [0, 22.5, 0]
						}
					}
				},
				"rightleg2": {
					"rotation": {
						"0.0": {
							"vector": [0, 0, 0]
						},
						"0.0833": {
							"vector": [3.01328, 20.84005, -9.04188],
							"easing": "easeOutSine"
						},
						"0.2083": {
							"vector": [-18.88172, 8.28229, 26.11828],
							"easing": "easeInOutSine"
						},
						"0.2917": {
							"vector": [0, 0, 0],
							"easing": "easeInSine"
						},
						"0.375": {
							"vector": [3.01328, 20.84005, -9.04188],
							"easing": "easeOutSine"
						},
						"0.4583": {
							"vector": [-18.88172, 8.28229, 26.11828],
							"easing": "easeInOutSine"
						},
						"0.5417": {
							"vector": [0, 0, 0],
							"easing": "easeInSine"
						}
					}
				},
				"rightleg3": {
					"rotation": {
						"0.0": {
							"vector": [0, 0, -2.5]
						},
						"0.0833": {
							"vector": [0, 0, 42.5]
						},
						"0.2083": {
							"vector": [3.47875, -21.64851, -7.70212]
						},
						"0.2917": {
							"vector": [0.44067, -5.00962, -12.46148]
						},
						"0.375": {
							"vector": [0, 0, 42.5]
						},
						"0.4583": {
							"vector": [2.88419, -21.92618, -2.67458]
						},
						"0.5417": {
							"vector": [0, 0, -2.5]
						}
					}
				},
				"rightleg4": {
					"rotation": {
						"0.0": {
							"vector": [17.63944, -25.95998, 11.18823]
						},
						"0.0833": {
							"vector": [-2.01766, 4.93836, -3.76805]
						},
						"0.2083": {
							"vector": [2.17136, -37.73758, 47.59055]
						},
						"0.2917": {
							"vector": [15.00208, -23.84904, 3.52361]
						},
						"0.375": {
							"vector": [-7.90223, 4.50522, -11.47642]
						},
						"0.4583": {
							"vector": [2.17136, -37.73758, 47.59055]
						},
						"0.5417": {
							"vector": [17.63944, -25.95998, 11.18823]
						}
					}
				},
				"all": {
					"position": {
						"0.0": {
							"vector": [0, 0, 0]
						},
						"0.2917": {
							"vector": [0, -0.5, 0],
							"easing": "easeInOutSine"
						},
						"0.5417": {
							"vector": [0, 0, 0],
							"easing": "easeOutSine"
						}
					}
				},
				"buttox": {
					"rotation": {
						"0.0": {
							"vector": [0, 0, 0]
						},
						"0.2917": {
							"vector": [30, 0, 0],
							"easing": "easeInOutSine"
						},
						"0.5417": {
							"vector": [0, 0, 0],
							"easing": "easeOutSine"
						}
					}
				},
				"leftlegs": {
					"rotation": {
						"0.0": {
							"vector": [0, 0, 5]
						},
						"0.2917": {
							"vector": [0, 0, 0],
							"easing": "easeInOutSine"
						},
						"0.5417": {
							"vector": [0, 0, 5],
							"easing": "easeOutSine"
						}
					}
				},
				"rightlegs": {
					"rotation": {
						"0.0": {
							"vector": [0, 0, 0]
						},
						"0.2917": {
							"vector": [0, 0, 7.5],
							"easing": "easeInOutSine"
						},
						"0.5417": {
							"vector": [0, 0, 0],
							"easing": "easeOutSine"
						}
					}
				}
			}
		}
	},
	"geckolib_format_version": 2
}