{
	"format_version": "1.8.0",
	"animations": {
		"idle": {
			"loop": true,
			"animation_length": 3,
			"bones": {
				"head": {
					"rotation": {
						"0.0": {
							"vector": [0, 0, 0]
						},
						"1.5": {
							"vector": [2.5, 0, 0],
							"easing": "easeInOutSine"
						},
						"3.0": {
							"vector": [0, 0, 0],
							"easing": "easeInOutSine"
						}
					}
				},
				"leftantenna": {
					"rotation": {
						"0.0": {
							"vector": [0, 0, 0]
						},
						"0.5": {
							"vector": [10, 0, 0],
							"easing": "easeOutSine"
						},
						"1.5": {
							"vector": [0, 0, 0],
							"easing": "easeInSine"
						},
						"2.25": {
							"vector": [-10, 0, 0],
							"easing": "easeOutSine"
						},
						"3.0": {
							"vector": [0, 0, 0],
							"easing": "easeInSine"
						}
					}
				},
				"rightantenna": {
					"rotation": {
						"0.0": {
							"vector": [0, 0, 0]
						},
						"0.75": {
							"vector": [-10, 0, 0],
							"easing": "easeOutSine"
						},
						"1.5": {
							"vector": [0, 0, 0],
							"easing": "easeInSine"
						},
						"2.4167": {
							"vector": [10, 0, 0],
							"easing": "easeOutSine"
						},
						"3.0": {
							"vector": [0, 0, 0],
							"easing": "easeInSine"
						}
					}
				},
				"body": {
					"rotation": {
						"0.0": {
							"vector": [0, 0, 0]
						},
						"1.5": {
							"vector": [1, 0, 0],
							"easing": "easeInOutSine"
						},
						"3.0": {
							"vector": [0, 0, 0],
							"easing": "easeInOutSine"
						}
					}
				}
			}
		},
		"walk": {
			"loop": true,
			"animation_length": 2,
			"bones": {
				"all": {
					"position": {
						"0.0": {
							"vector": [0, -0.25, 0]
						},
						"0.25": {
							"vector": [0, 0, 0],
							"easing": "easeOutSine"
						},
						"0.5": {
							"vector": [0, -0.25, 0]
						},
						"0.75": {
							"vector": [0, 0, 0],
							"easing": "easeOutSine"
						},
						"1.0": {
							"vector": [0, -0.25, 0]
						},
						"1.25": {
							"vector": [0, 0, 0],
							"easing": "easeOutSine"
						},
						"1.5": {
							"vector": [0, -0.25, 0]
						},
						"1.75": {
							"vector": [0, 0, 0],
							"easing": "easeOutSine"
						},
						"2.0": {
							"vector": [0, -0.25, 0]
						}
					}
				},
				"head": {
					"rotation": {
						"0.0": {
							"vector": [5.62, 0, 0]
						},
						"0.0833": {
							"vector": [7.5, 0, 0],
							"easing": "easeOutSine"
						},
						"0.3333": {
							"vector": [0, 0, 0],
							"easing": "easeInOutSine"
						},
						"0.5833": {
							"vector": [7.5, 0, 0],
							"easing": "easeInOutSine"
						},
						"0.8333": {
							"vector": [0, 0, 0],
							"easing": "easeInOutSine"
						},
						"1.0833": {
							"vector": [7.5, 0, 0],
							"easing": "easeInOutSine"
						},
						"1.3333": {
							"vector": [0, 0, 0],
							"easing": "easeInOutSine"
						},
						"1.5833": {
							"vector": [7.5, 0, 0],
							"easing": "easeInOutSine"
						},
						"1.8333": {
							"vector": [0, 0, 0],
							"easing": "easeInOutSine"
						},
						"2.0": {
							"vector": [5.62, 0, 0],
							"easing": "easeInSine"
						}
					}
				},
				"leftantenna": {
					"rotation": {
						"0.0": {
							"vector": [0, 0, 0]
						},
						"0.2083": {
							"vector": [10, 0, 0],
							"easing": "easeOutSine"
						},
						"0.5": {
							"vector": [0, 0, 0],
							"easing": "easeInSine"
						},
						"0.7083": {
							"vector": [-10, 0, 0],
							"easing": "easeOutSine"
						},
						"1.0": {
							"vector": [0, 0, 0],
							"easing": "easeInSine"
						},
						"1.2083": {
							"vector": [10, 0, 0],
							"easing": "easeOutSine"
						},
						"1.5": {
							"vector": [0, 0, 0],
							"easing": "easeInSine"
						},
						"1.7083": {
							"vector": [-10, 0, 0],
							"easing": "easeOutSine"
						},
						"2.0": {
							"vector": [0, 0, 0],
							"easing": "easeInSine"
						}
					}
				},
				"rightantenna": {
					"rotation": {
						"0.0": {
							"vector": [0, 0, 0]
						},
						"0.2917": {
							"vector": [-10, 0, 0],
							"easing": "easeOutSine"
						},
						"0.5": {
							"vector": [0, 0, 0],
							"easing": "easeInSine"
						},
						"0.7917": {
							"vector": [10, 0, 0],
							"easing": "easeOutSine"
						},
						"1.0": {
							"vector": [0, 0, 0],
							"easing": "easeInSine"
						},
						"1.2917": {
							"vector": [-10, 0, 0],
							"easing": "easeOutSine"
						},
						"1.5": {
							"vector": [0, 0, 0],
							"easing": "easeInSine"
						},
						"1.7917": {
							"vector": [10, 0, 0],
							"easing": "easeOutSine"
						},
						"2.0": {
							"vector": [0, 0, 0],
							"easing": "easeInSine"
						}
					}
				},
				"leg1left": {
					"rotation": {
						"0.0": {
							"vector": [0, "Math.cos((query.anim_time ) * 360) * 30", 0]
						},
						"0.5": {
							"vector": [0, "Math.cos((query.anim_time ) * 360) * 30", 0]
						},
						"0.75": {
							"vector": [-22.17604, "-3.9581+Math.cos((query.anim_time ) * 360) * 30", -29.52018],
							"easing": "easeOutSine"
						},
						"1.0": {
							"vector": [0, "Math.cos((query.anim_time ) * 360) * 30", 0],
							"easing": "easeInSine"
						},
						"1.5": {
							"vector": [0, "Math.cos((query.anim_time ) * 360) * 30", 0]
						},
						"1.75": {
							"vector": [-22.17604, "-3.9581+Math.cos((query.anim_time ) * 360) * 30", -29.52018],
							"easing": "easeOutSine"
						},
						"2.0": {
							"vector": [0, "Math.cos((query.anim_time ) * 360) * 30", 0],
							"easing": "easeInSine"
						}
					}
				},
				"leg2left": {
					"rotation": {
						"0.0": {
							"vector": [0, "Math.cos((query.anim_time ) * 360) * -30", 0]
						},
						"0.25": {
							"vector": [-1.71392, "Math.cos((query.anim_time ) * 360) * -30", -20.07031],
							"easing": "easeOutSine"
						},
						"0.5": {
							"vector": [0, "Math.cos((query.anim_time ) * 360) * -30", 0],
							"easing": "easeInSine"
						},
						"1.0": {
							"vector": [0, "Math.cos((query.anim_time ) * 360) * -30", 0]
						},
						"1.25": {
							"vector": [-1.71392, "Math.cos((query.anim_time ) * 360) * -30", -20.07031],
							"easing": "easeOutSine"
						},
						"1.5": {
							"vector": [0, "Math.cos((query.anim_time ) * 360) * -30", 0],
							"easing": "easeInSine"
						}
					}
				},
				"leg3left": {
					"rotation": {
						"0.0": {
							"vector": [0, "Math.cos((query.anim_time ) * 360) * 50", 0]
						},
						"0.5": {
							"vector": [0, "Math.cos((query.anim_time ) * 360) * 50", 0]
						},
						"0.75": {
							"vector": [11.23272, "1.4835+Math.cos((query.anim_time ) * 360) * 50", -18.66202]
						},
						"1.0": {
							"vector": [0, "Math.cos((query.anim_time ) * 360) * 50", 0]
						},
						"1.5": {
							"vector": [0, "Math.cos((query.anim_time) * 360) * 50", 0]
						},
						"1.75": {
							"vector": [11.23272, "Math.cos((query.anim_time) * 360) * 50", -18.66202]
						},
						"2.0": {
							"vector": [0, "Math.cos((query.anim_time) * 360) * 50", 0]
						}
					}
				},
				"leg1right": {
					"rotation": {
						"0.0": {
							"vector": [0, "Math.cos((query.anim_time ) * 360) * 30", 0]
						},
						"0.25": {
							"vector": [-22.17604, "3.9581+Math.cos((query.anim_time ) * 360) * 30", 29.5202],
							"easing": "easeOutSine"
						},
						"0.5": {
							"vector": [0, "Math.cos((query.anim_time ) * 360) * 30", 0],
							"easing": "easeInSine"
						},
						"1.0": {
							"vector": [0, "Math.cos((query.anim_time ) * 360) * 30", 0]
						},
						"1.25": {
							"vector": [-22.176, "3.9581+Math.cos((query.anim_time ) * 360) * 30", 29.5202],
							"easing": "easeOutSine"
						},
						"1.5": {
							"vector": [0, "Math.cos((query.anim_time ) * 360) * 30", 0],
							"easing": "easeInSine"
						}
					}
				},
				"leg2right": {
					"rotation": {
						"0.0": {
							"vector": [0, "Math.cos((query.anim_time ) * 360) * -20", 0]
						},
						"0.5": {
							"vector": [0, "Math.cos((query.anim_time) * 360) * -20", 0],
							"easing": "easeOutSine"
						},
						"0.75": {
							"vector": [6.3828, "-4.9018+Math.cos((query.anim_time ) * 360) * -20", 21.13041],
							"easing": "easeInSine"
						},
						"1.0": {
							"vector": [0, "Math.cos((query.anim_time) * 360) * -20", 0],
							"easing": "easeInOutSine"
						},
						"1.5": {
							"vector": [0, "Math.cos((query.anim_time) * 360) * -20", 0],
							"easing": "easeOutSine"
						},
						"1.75": {
							"vector": [6.3828, "-4.9018+Math.cos((query.anim_time ) * 360) * -20", 21.13041],
							"easing": "easeInSine"
						},
						"2.0": {
							"vector": [0, "Math.cos((query.anim_time) * 360) * -20", 0],
							"easing": "easeInOutSine"
						}
					}
				},
				"leg3right": {
					"rotation": {
						"0.0": {
							"vector": [0, "Math.cos((query.anim_time ) * 360) * 30", 0]
						},
						"0.25": {
							"vector": [9.42961, "-1.035+Math.cos((query.anim_time ) * 360) * 30", 15.61249],
							"easing": "easeOutSine"
						},
						"0.5": {
							"vector": [0, "Math.cos((query.anim_time ) * 360) * 30", 0],
							"easing": "easeInSine"
						},
						"1.0": {
							"vector": [0, "Math.cos((query.anim_time ) * 360) * 40", 0]
						},
						"1.25": {
							"vector": [9.42961, "-1.035+Math.cos((query.anim_time ) * 360) * 30", 15.61249],
							"easing": "easeOutSine"
						},
						"1.5": {
							"vector": [0, "Math.cos((query.anim_time ) * 360) * 30", 0],
							"easing": "easeInSine"
						}
					}
				}
			}
		},
		"fly": {
			"loop": true,
			"animation_length": 1,
			"bones": {
				"all": {
					"rotation": {
						"vector": [-25, 0, 0]
					}
				},
				"head": {
					"rotation": {
						"0.0": {
							"vector": [22.5, 0, 0]
						},
						"0.5": {
							"vector": [30, 0, 0],
							"easing": "easeInOutSine"
						},
						"1.0": {
							"vector": [22.5, 0, 0],
							"easing": "easeOutSine"
						}
					}
				},
				"leftantenna": {
					"rotation": {
						"0.0": {
							"vector": [0, 0, 0]
						},
						"0.1667": {
							"vector": [-10, 0, 0],
							"easing": "easeOutSine"
						},
						"0.5": {
							"vector": [0, 0, 0],
							"easing": "easeInSine"
						},
						"0.7083": {
							"vector": [10, 0, 0],
							"easing": "easeOutSine"
						},
						"1.0": {
							"vector": [0, 0, 0],
							"easing": "easeInSine"
						}
					}
				},
				"rightantenna": {
					"rotation": {
						"0.0": {
							"vector": [0, 0, 0]
						},
						"0.2917": {
							"vector": [-10, 0, 0],
							"easing": "easeOutSine"
						},
						"0.5": {
							"vector": [0, 0, 0],
							"easing": "easeInSine"
						},
						"0.7917": {
							"vector": [10, 0, 0],
							"easing": "easeOutSine"
						},
						"1.0": {
							"vector": [0, 0, 0],
							"easing": "easeInSine"
						}
					}
				},
				"wingleft": {
					"rotation": {
						"0.0": {
							"vector": [0, 12.5, 0]
						},
						"0.0833": {
							"vector": [27.96712, 11.3364, 2.2615]
						},
						"0.1667": {
							"vector": [0, 12.5, 0]
						},
						"0.25": {
							"vector": [28.38543, 10.15578, 4.50455]
						},
						"0.3333": {
							"vector": [0, 12.5, 0]
						},
						"0.4167": {
							"vector": [27.96712, 11.3364, 2.2615]
						},
						"0.5": {
							"vector": [0, 12.5, 0]
						},
						"0.5833": {
							"vector": [27.96712, 11.3364, 2.2615]
						},
						"0.6667": {
							"vector": [0, 12.5, 0]
						},
						"0.75": {
							"vector": [28.38543, 10.15578, 4.50455]
						},
						"0.8333": {
							"vector": [0, 12.5, 0]
						},
						"0.9167": {
							"vector": [27.96712, 11.3364, 2.2615]
						},
						"1.0": {
							"vector": [0, 12.5, 0]
						}
					}
				},
				"wingright": {
					"rotation": {
						"0.0": {
							"vector": [0, -12.5, 0]
						},
						"0.0833": {
							"vector": [27.96712, -11.33644, -2.26152]
						},
						"0.1667": {
							"vector": [0, -12.5, 0]
						},
						"0.25": {
							"vector": [28.38543, -10.15583, -4.50457]
						},
						"0.3333": {
							"vector": [0, -12.5, 0]
						},
						"0.4167": {
							"vector": [27.96712, -11.33644, -2.26152]
						},
						"0.5": {
							"vector": [0, -12.5, 0]
						},
						"0.5833": {
							"vector": [27.96712, -11.33644, -2.26152]
						},
						"0.6667": {
							"vector": [0, -12.5, 0]
						},
						"0.75": {
							"vector": [28.38543, -10.15583, -4.50457]
						},
						"0.8333": {
							"vector": [0, -12.5, 0]
						},
						"0.9167": {
							"vector": [27.96712, -11.33644, -2.26152]
						},
						"1.0": {
							"vector": [0, -12.5, 0]
						}
					}
				},
				"wingshellleft": {
					"rotation": {
						"0.0": {
							"vector": [42.79487, 18.88952, 16.68541]
						},
						"0.25": {
							"vector": [40.29, 18.89, 16.69],
							"easing": "easeInOutSine"
						},
						"0.5": {
							"vector": [42.79, 18.89, 16.69],
							"easing": "easeInOutSine"
						},
						"0.75": {
							"vector": [40.29, 18.89, 16.69],
							"easing": "easeInOutSine"
						},
						"1.0": {
							"vector": [42.79, 18.89, 16.69],
							"easing": "easeInOutSine"
						}
					}
				},
				"wingshellright": {
					"rotation": {
						"0.0": {
							"vector": [42.79487, -18.8895, -16.6854]
						},
						"0.25": {
							"vector": [40.29, -18.89, -16.69],
							"easing": "easeInOutSine"
						},
						"0.5": {
							"vector": [42.79487, -18.8895, -16.6854],
							"easing": "easeInOutSine"
						},
						"0.75": {
							"vector": [40.29, -18.89, -16.69],
							"easing": "easeInOutSine"
						},
						"1.0": {
							"vector": [42.79487, -18.8895, -16.6854],
							"easing": "easeInOutSine"
						}
					}
				},
				"leg1left": {
					"rotation": {
						"0.0": {
							"vector": [0, 0, 0]
						},
						"0.25": {
							"vector": [0, 0, 10],
							"easing": "easeInOutSine"
						},
						"0.5": {
							"vector": [0, 0, 0],
							"easing": "easeInOutSine"
						},
						"0.75": {
							"vector": [0, 0, 10],
							"easing": "easeInOutSine"
						},
						"1.0": {
							"vector": [0, 0, 0],
							"easing": "easeInOutSine"
						}
					}
				},
				"leg2left": {
					"rotation": {
						"0.0": {
							"vector": [0, 0, 0]
						},
						"0.25": {
							"vector": [0, 0, 10],
							"easing": "easeInOutSine"
						},
						"0.5": {
							"vector": [0, 0, 0],
							"easing": "easeInOutSine"
						},
						"0.75": {
							"vector": [0, 0, 10],
							"easing": "easeInOutSine"
						},
						"1.0": {
							"vector": [0, 0, 0],
							"easing": "easeInOutSine"
						}
					}
				},
				"leg3left": {
					"rotation": {
						"0.0": {
							"vector": [0, 0, 0]
						},
						"0.25": {
							"vector": [0, 0, 10],
							"easing": "easeInOutSine"
						},
						"0.5": {
							"vector": [0, 0, 0],
							"easing": "easeInOutSine"
						},
						"0.75": {
							"vector": [0, 0, 10],
							"easing": "easeInOutSine"
						},
						"1.0": {
							"vector": [0, 0, 0],
							"easing": "easeInOutSine"
						}
					}
				},
				"leg1right": {
					"rotation": {
						"0.0": {
							"vector": [0, 0, 0]
						},
						"0.25": {
							"vector": [0, 0, -10],
							"easing": "easeInOutSine"
						},
						"0.5": {
							"vector": [0, 0, 0],
							"easing": "easeInOutSine"
						},
						"0.75": {
							"vector": [0, 0, -10],
							"easing": "easeInOutSine"
						},
						"1.0": {
							"vector": [0, 0, 0],
							"easing": "easeInOutSine"
						}
					}
				},
				"leg2right": {
					"rotation": {
						"0.0": {
							"vector": [0, 0, 0]
						},
						"0.25": {
							"vector": [0, 0, -10],
							"easing": "easeInOutSine"
						},
						"0.5": {
							"vector": [0, 0, 0],
							"easing": "easeInOutSine"
						},
						"0.75": {
							"vector": [0, 0, -10],
							"easing": "easeInOutSine"
						},
						"1.0": {
							"vector": [0, 0, 0],
							"easing": "easeInOutSine"
						}
					}
				},
				"leg3right": {
					"rotation": {
						"0.0": {
							"vector": [0, 0, 0]
						},
						"0.25": {
							"vector": [0, 0, -10],
							"easing": "easeInOutSine"
						},
						"0.5": {
							"vector": [0, 0, 0],
							"easing": "easeInOutSine"
						},
						"0.75": {
							"vector": [0, 0, -10],
							"easing": "easeInOutSine"
						},
						"1.0": {
							"vector": [0, 0, 0],
							"easing": "easeInOutSine"
						}
					}
				}
			}
		},
		"walk2": {
			"loop": true,
			"animation_length": 2,
			"bones": {
				"all": {
					"position": {
						"0.0": {
							"vector": [0, -0.25, 0]
						},
						"0.25": {
							"vector": [0, 0, 0],
							"easing": "easeOutSine"
						},
						"0.5": {
							"vector": [0, -0.25, 0]
						},
						"0.75": {
							"vector": [0, 0, 0],
							"easing": "easeOutSine"
						},
						"1.0": {
							"vector": [0, -0.25, 0]
						},
						"1.25": {
							"vector": [0, 0, 0],
							"easing": "easeOutSine"
						},
						"1.5": {
							"vector": [0, -0.25, 0]
						},
						"1.75": {
							"vector": [0, 0, 0],
							"easing": "easeOutSine"
						},
						"2.0": {
							"vector": [0, -0.25, 0]
						}
					}
				},
				"head": {
					"rotation": {
						"0.0": {
							"vector": [5.62, 0, 0]
						},
						"0.0833": {
							"vector": [7.5, 0, 0],
							"easing": "easeOutSine"
						},
						"0.3333": {
							"vector": [0, 0, 0],
							"easing": "easeInOutSine"
						},
						"0.5833": {
							"vector": [7.5, 0, 0],
							"easing": "easeInOutSine"
						},
						"0.8333": {
							"vector": [0, 0, 0],
							"easing": "easeInOutSine"
						},
						"1.0833": {
							"vector": [7.5, 0, 0],
							"easing": "easeInOutSine"
						},
						"1.3333": {
							"vector": [0, 0, 0],
							"easing": "easeInOutSine"
						},
						"1.5833": {
							"vector": [7.5, 0, 0],
							"easing": "easeInOutSine"
						},
						"1.8333": {
							"vector": [0, 0, 0],
							"easing": "easeInOutSine"
						},
						"2.0": {
							"vector": [5.62, 0, 0],
							"easing": "easeInSine"
						}
					}
				},
				"leftantenna": {
					"rotation": {
						"0.0": {
							"vector": [0, 0, 0]
						},
						"0.2083": {
							"vector": [10, 0, 0],
							"easing": "easeOutSine"
						},
						"0.5": {
							"vector": [0, 0, 0],
							"easing": "easeInSine"
						},
						"0.7083": {
							"vector": [-10, 0, 0],
							"easing": "easeOutSine"
						},
						"1.0": {
							"vector": [0, 0, 0],
							"easing": "easeInSine"
						},
						"1.2083": {
							"vector": [10, 0, 0],
							"easing": "easeOutSine"
						},
						"1.5": {
							"vector": [0, 0, 0],
							"easing": "easeInSine"
						},
						"1.7083": {
							"vector": [-10, 0, 0],
							"easing": "easeOutSine"
						},
						"2.0": {
							"vector": [0, 0, 0],
							"easing": "easeInSine"
						}
					}
				},
				"rightantenna": {
					"rotation": {
						"0.0": {
							"vector": [0, 0, 0]
						},
						"0.2917": {
							"vector": [-10, 0, 0],
							"easing": "easeOutSine"
						},
						"0.5": {
							"vector": [0, 0, 0],
							"easing": "easeInSine"
						},
						"0.7917": {
							"vector": [10, 0, 0],
							"easing": "easeOutSine"
						},
						"1.0": {
							"vector": [0, 0, 0],
							"easing": "easeInSine"
						},
						"1.2917": {
							"vector": [-10, 0, 0],
							"easing": "easeOutSine"
						},
						"1.5": {
							"vector": [0, 0, 0],
							"easing": "easeInSine"
						},
						"1.7917": {
							"vector": [10, 0, 0],
							"easing": "easeOutSine"
						},
						"2.0": {
							"vector": [0, 0, 0],
							"easing": "easeInSine"
						}
					}
				},
				"leg1left": {
					"rotation": {
						"0.0": {
							"vector": [0, "Math.cos((query.anim_time ) * 360) * 30", 0]
						},
						"0.5": {
							"vector": [0, "Math.cos((query.anim_time ) * 360) * 30", 0]
						},
						"0.75": {
							"vector": [-22.17604, "-3.9581+Math.cos((query.anim_time ) * 360) * 30", -29.52018],
							"easing": "easeOutSine"
						},
						"1.0": {
							"vector": [0, "Math.cos((query.anim_time ) * 360) * 30", 0],
							"easing": "easeInSine"
						},
						"1.5": {
							"vector": [0, "Math.cos((query.anim_time ) * 360) * 30", 0]
						},
						"1.75": {
							"vector": [-22.17604, "-3.9581+Math.cos((query.anim_time ) * 360) * 30", -29.52018],
							"easing": "easeOutSine"
						},
						"2.0": {
							"vector": [0, "Math.cos((query.anim_time ) * 360) * 30", 0],
							"easing": "easeInSine"
						}
					}
				},
				"leg2left": {
					"rotation": {
						"0.0": {
							"vector": [0, "Math.cos((query.anim_time ) * 360) * -30", 0]
						},
						"0.25": {
							"vector": [-1.71392, "Math.cos((query.anim_time ) * 360) * -30", -20.07031],
							"easing": "easeOutSine"
						},
						"0.5": {
							"vector": [0, "Math.cos((query.anim_time ) * 360) * -30", 0],
							"easing": "easeInSine"
						},
						"1.0": {
							"vector": [0, "Math.cos((query.anim_time ) * 360) * -30", 0]
						},
						"1.25": {
							"vector": [-1.71392, "Math.cos((query.anim_time ) * 360) * -30", -20.07031],
							"easing": "easeOutSine"
						},
						"1.5": {
							"vector": [0, "Math.cos((query.anim_time ) * 360) * -30", 0],
							"easing": "easeInSine"
						}
					}
				},
				"leg3left": {
					"rotation": {
						"0.0": {
							"vector": [0, "Math.cos((query.anim_time ) * 360) * 50", 0]
						},
						"0.5": {
							"vector": [0, "Math.cos((query.anim_time ) * 360) * 50", 0]
						},
						"0.75": {
							"vector": [11.23272, "1.4835+Math.cos((query.anim_time ) * 360) * 50", -18.66202]
						},
						"1.0": {
							"vector": [0, "Math.cos((query.anim_time ) * 360) * 50", 0]
						},
						"1.5": {
							"vector": [0, "Math.cos((query.anim_time) * 360) * 50", 0]
						},
						"1.75": {
							"vector": [11.23272, "Math.cos((query.anim_time) * 360) * 50", -18.66202]
						},
						"2.0": {
							"vector": [0, "Math.cos((query.anim_time) * 360) * 50", 0]
						}
					}
				},
				"leg1right": {
					"rotation": {
						"0.0": {
							"vector": [0, "Math.cos((query.anim_time ) * 360) * 30", 0]
						},
						"0.25": {
							"vector": [-22.17604, "3.9581+Math.cos((query.anim_time ) * 360) * 30", 29.5202],
							"easing": "easeOutSine"
						},
						"0.5": {
							"vector": [0, "Math.cos((query.anim_time ) * 360) * 30", 0],
							"easing": "easeInSine"
						},
						"1.0": {
							"vector": [0, "Math.cos((query.anim_time ) * 360) * 30", 0]
						},
						"1.25": {
							"vector": [-22.176, "3.9581+Math.cos((query.anim_time ) * 360) * 30", 29.5202],
							"easing": "easeOutSine"
						},
						"1.5": {
							"vector": [0, "Math.cos((query.anim_time ) * 360) * 30", 0],
							"easing": "easeInSine"
						}
					}
				},
				"leg2right": {
					"rotation": {
						"0.0": {
							"vector": [0, "Math.cos((query.anim_time ) * 360) * -20", 0]
						},
						"0.5": {
							"vector": [0, "Math.cos((query.anim_time) * 360) * -20", 0],
							"easing": "easeOutSine"
						},
						"0.75": {
							"vector": [6.3828, "-4.9018+Math.cos((query.anim_time ) * 360) * -20", 21.13041],
							"easing": "easeInSine"
						},
						"1.0": {
							"vector": [0, "Math.cos((query.anim_time) * 360) * -20", 0],
							"easing": "easeInOutSine"
						},
						"1.5": {
							"vector": [0, "Math.cos((query.anim_time) * 360) * -20", 0],
							"easing": "easeOutSine"
						},
						"1.75": {
							"vector": [6.3828, "-4.9018+Math.cos((query.anim_time ) * 360) * -20", 21.13041],
							"easing": "easeInSine"
						},
						"2.0": {
							"vector": [0, "Math.cos((query.anim_time) * 360) * -20", 0],
							"easing": "easeInOutSine"
						}
					}
				},
				"leg3right": {
					"rotation": {
						"0.0": {
							"vector": [0, "Math.cos((query.anim_time ) * 360) * 30", 0]
						},
						"0.25": {
							"vector": [9.42961, "-1.035+Math.cos((query.anim_time ) * 360) * 30", 15.61249],
							"easing": "easeOutSine"
						},
						"0.5": {
							"vector": [0, "Math.cos((query.anim_time ) * 360) * 30", 0],
							"easing": "easeInSine"
						},
						"1.0": {
							"vector": [0, "Math.cos((query.anim_time ) * 360) * 40", 0]
						},
						"1.25": {
							"vector": [9.42961, "-1.035+Math.cos((query.anim_time ) * 360) * 30", 15.61249],
							"easing": "easeOutSine"
						},
						"1.5": {
							"vector": [0, "Math.cos((query.anim_time ) * 360) * 30", 0],
							"easing": "easeInSine"
						}
					}
				}
			}
		}
	},
	"geckolib_format_version": 2
}