{
  "_fv": 34,
  "_type": "armor",
  "definition": {
    "enableHelmet": true,
    "textureHelmet": "meathat_helmet",
    "enableBody": false,
    "textureBody": "meathead_body",
    "enableLeggings": false,
    "textureLeggings": "meathead_leggings",
    "enableBoots": false,
    "textureBoots": "meathead_boots",
    "creativeTab": {
      "value": "COMBAT"
    },
    "armorTextureFile": "slugvest_",
    "helmetName": "Meat Head",
    "bodyName": "Meathead Chestplate",
    "leggingsName": "Meathead Leggings",
    "bootsName": "Meathead Boots",
    "helmetSpecialInfo": [],
    "bodySpecialInfo": [],
    "leggingsSpecialInfo": [],
    "bootsSpecialInfo": [],
    "helmetModelName": "meathat",
    "helmetModelPart": "head",
    "helmetModelTexture": "meathat.png",
    "bodyModelName": "Default",
    "bodyModelPart": "Body",
    "armsModelPartL": "Arms L",
    "armsModelPartR": "Arms R",
    "bodyModelTexture": "From armor",
    "leggingsModelName": "Default",
    "leggingsModelPartL": "Leggings L",
    "leggingsModelPartR": "Leggings R",
    "leggingsModelTexture": "From armor",
    "bootsModelName": "Default",
    "bootsModelPartL": "Boots L",
    "bootsModelPartR": "Boots R",
    "bootsModelTexture": "From armor",
    "helmetImmuneToFire": false,
    "bodyImmuneToFire": false,
    "leggingsImmuneToFire": false,
    "bootsImmuneToFire": false,
    "maxDamage": 15,
    "damageValueHelmet": 2,
    "damageValueBody": 5,
    "damageValueLeggings": 6,
    "damageValueBoots": 2,
    "enchantability": 9,
    "toughness": 0.0,
    "knockbackResistance": 0.0,
    "equipSound": {
      "value": "entity.slime.squish"
    },
    "repairItems": [
      {
        "value": "Items.ROTTEN_FLESH"
      }
    ]
  }
}