{
  "_fv": 34,
  "_type": "rangeditem",
  "definition": {
    "renderType": 0,
    "texture": "wasppheromone",
    "customModelName": "Normal",
    "name": "Wasp Pheromone",
    "specialInfo": [],
    "creativeTab": {
      "value": "COMBAT"
    },
    "stackSize": 16,
    "ammoItem": {
      "value": ""
    },
    "shootConstantly": false,
    "usageCount": 2,
    "actionSound": {
      "value": "entity.egg.throw"
    },
    "hasGlow": false,
    "animation": "none",
    "enableMeleeDamage": false,
    "damageVsEntity": 0.0,
    "onRangedItemUsed": {
      "name": "PheromoneThrown"
    },
    "bulletPower": 1.0,
    "bulletDamage": 5.0,
    "bulletKnockback": 5,
    "bulletParticles": false,
    "bulletIgnitesFire": false,
    "bulletItemTexture": {
      "value": "CUSTOM:PheromoneProjectile"
    },
    "bulletModel": "Default",
    "customBulletModelTexture": "wasp_redux.png",
    "onBulletHitsBlock": {
      "name": "PheromoneHits"
    },
    "onBulletHitsEntity": {
      "name": "PheromoneHits"
    }
  }
}