{
  "_fv": 24,
  "_type": "armor",
  "definition": {
    "enableHelmet": true,
    "textureHelmet": "meathead_head",
    "enableBody": false,
    "textureBody": "meathead_body",
    "enableLeggings": false,
    "textureLeggings": "meathead_leggings",
    "enableBoots": false,
    "textureBoots": "meathead_boots",
    "creativeTab": {
      "value": "COMBAT"
    },
    "armorTextureFile": "meathead",
    "helmetName": "Meathead Helmet",
    "bodyName": "Meathead Chestplate",
    "leggingsName": "Meathead Leggings",
    "bootsName": "Meathead Boots",
    "helmetSpecialInfo": [],
    "bodySpecialInfo": [],
    "leggingsSpecialInfo": [],
    "bootsSpecialInfo": [],
    "helmetModelName": "Modelmeathat",
    "helmetModelPart": "head",
    "helmetModelTexture": "meathat.png",
    "bodyModelName": "Default",
    "bodyModelPart": "Body",
    "armsModelPartL": "Arms L",
    "armsModelPartR": "Arms R",
    "bodyModelTexture": "From armor",
    "leggingsModelName": "Default",
    "leggingsModelPartL": "Leggings L",
    "leggingsModelPartR": "Leggings R",
    "leggingsModelTexture": "From armor",
    "bootsModelName": "Default",
    "bootsModelPartL": "Boots L",
    "bootsModelPartR": "Boots R",
    "bootsModelTexture": "From armor",
    "helmetImmuneToFire": false,
    "bodyImmuneToFire": false,
    "leggingsImmuneToFire": false,
    "bootsImmuneToFire": false,
    "maxDamage": 15,
    "damageValueHelmet": 2,
    "damageValueBody": 5,
    "damageValueLeggings": 6,
    "damageValueBoots": 2,
    "enchantability": 9,
    "toughness": 0.0,
    "knockbackResistance": 0.0,
    "equipSound": {
      "value": ""
    },
    "repairItems": [
      {
        "value": "Items.TURTLE_HELMET"
      }
    ]
  }
}