{
	"format_version": "1.12.0",
	"minecraft:geometry": [
		{
			"description": {
				"identifier": "geometry.cinder",
				"texture_width": 128,
				"texture_height": 128,
				"visible_bounds_width": 3,
				"visible_bounds_height": 3.5,
				"visible_bounds_offset": [0, 1.25, 0]
			},
			"bones": [
				{
					"name": "all",
					"pivot": [0, 12, 0]
				},
				{
					"name": "body",
					"parent": "all",
					"pivot": [0, 12, 0]
				},
				{
					"name": "rod",
					"parent": "body",
					"pivot": [0, 18, -0.5],
					"cubes": [
						{"origin": [-3, 4, -3], "size": [6, 14, 5], "uv": [35, 43]},
						{"origin": [-3, 17, -3], "size": [6, 1, 5], "inflate": 0.2, "uv": [0, 66]},
						{"origin": [-3, 4, -3], "size": [6, 1, 5], "inflate": 0.2, "uv": [0, 58]}
					]
				},
				{
					"name": "rotor",
					"parent": "body",
					"pivot": [0, 12, -1]
				},
				{
					"name": "shield1",
					"parent": "rotor",
					"pivot": [-10, 13, -4],
					"rotation": [0, 50, 0],
					"cubes": [
						{"origin": [-16, 7, -5], "size": [12, 14, 2], "uv": [0, 36]},
						{"origin": [-16, 7, -5], "size": [12, 1, 2], "inflate": 0.2, "uv": [0, 53]},
						{"origin": [-16, 21, -5], "size": [12, 1, 2], "inflate": 0.2, "uv": [0, 74]}
					]
				},
				{
					"name": "shield2",
					"parent": "rotor",
					"pivot": [8, 14, -6],
					"rotation": [0, -67.5, 0],
					"cubes": [
						{"origin": [2, 7, -7], "size": [12, 14, 2], "uv": [0, 36]},
						{"origin": [2, 21, -7], "size": [12, 1, 2], "inflate": 0.2, "uv": [0, 74]},
						{"origin": [2, 7, -7], "size": [12, 1, 2], "inflate": 0.2, "uv": [0, 53]}
					]
				},
				{
					"name": "shield3",
					"parent": "rotor",
					"pivot": [3, 14, 8],
					"cubes": [
						{"origin": [-6, 7, 7], "size": [12, 14, 2], "pivot": [0, 7, 8], "rotation": [0, 180, 0], "uv": [0, 36]},
						{"origin": [-6, 7, 7], "size": [12, 1, 2], "inflate": 0.2, "pivot": [0, 7, 8], "rotation": [0, 180, 0], "uv": [0, 53]},
						{"origin": [-6, 21, 7], "size": [12, 1, 2], "inflate": 0.2, "pivot": [0, 7, 8], "rotation": [0, 180, 0], "uv": [0, 74]}
					]
				},
				{
					"name": "head",
					"parent": "all",
					"pivot": [0, 24, 0],
					"cubes": [
						{"origin": [-4, 20, -4], "size": [8, 7, 7], "uv": [1, 2]}
					]
				},
				{
					"name": "helmet",
					"parent": "head",
					"pivot": [0, 27, -3.5],
					"cubes": [
						{"origin": [-4, 24, -4.5], "size": [8, 2, 1], "inflate": 0.2, "uv": [58, 11]},
						{"origin": [-4, 26, -4.5], "size": [2, 2, 1], "inflate": 0.001, "uv": [35, 11]},
						{"origin": [-1, 26, -4.5], "size": [2, 3, 1], "inflate": 0.001, "uv": [42, 11]},
						{"origin": [2, 26, -4.5], "size": [2, 2, 1], "inflate": 0.001, "uv": [49, 11]},
						{"origin": [-3, 20, -4.5], "size": [2, 2, 1], "uv": [93, 10]},
						{"origin": [1, 20, -4.5], "size": [2, 2, 1], "uv": [99, 10]},
						{"origin": [3, 20, -4.5], "size": [1, 5, 1], "inflate": 0.001, "uv": [88, 8]},
						{"origin": [-4, 20, -4.5], "size": [1, 5, 1], "inflate": 0.001, "uv": [83, 8]},
						{"origin": [-1, 23, -4.5], "size": [2, 2, 1], "uv": [77, 12]}
					]
				}
			]
		}
	]
}