{
	"format_version": "1.12.0",
	"minecraft:geometry": [
		{
			"description": {
				"identifier": "geometry.wasp",
				"texture_width": 64,
				"texture_height": 64,
				"visible_bounds_width": 3,
				"visible_bounds_height": 3.5,
				"visible_bounds_offset": [0, 1.25, 0]
			},
			"bones": [
				{
					"name": "all",
					"pivot": [0, 15, 1],
					"cubes": [
						{"origin": [-1, 0, -0.5], "size": [2, 13, 1], "uv": [58, 0]}
					]
				},
				{
					"name": "head",
					"parent": "all",
					"pivot": [0, 17, -4.7],
					"cubes": [
						{"origin": [-2.5, 13, -9], "size": [5, 5, 4], "uv": [0, 1]}
					]
				},
				{
					"name": "antenna",
					"parent": "head",
					"pivot": [0, 16.98481, -8.87365],
					"cubes": [
						{"origin": [-2.5, 17, -13], "size": [0, 2, 4], "pivot": [-2.5, 16.98481, -8.87365], "rotation": [0, 22.5, 0], "uv": [8, 41]},
						{"origin": [2.501, 17, -13], "size": [0, 2, 4], "pivot": [2.5, 16.98481, -8.87365], "rotation": [0, -22.5, 0], "uv": [0, 41]}
					]
				},
				{
					"name": "body",
					"parent": "all",
					"pivot": [0, 13, -6]
				},
				{
					"name": "torso",
					"parent": "body",
					"pivot": [0, 13, -6],
					"rotation": [90, 0, 0],
					"cubes": [
						{"origin": [-3, 4.1, -6.2], "size": [6, 8, 5], "inflate": 0.1, "uv": [0, 12]}
					]
				},
				{
					"name": "leftarms",
					"parent": "torso",
					"pivot": [3.1, 8.5, -6.25]
				},
				{
					"name": "leftarms1",
					"parent": "leftarms",
					"pivot": [3.1, 10, -6.25],
					"rotation": [0, 10, 0],
					"cubes": [
						{"origin": [2, 8.70711, -18.22218], "size": [1, 2, 12], "inflate": 0.09, "pivot": [3.1, 8.5, -6.25], "rotation": [0, -30, 0], "uv": [38, 41], "mirror": true}
					]
				},
				{
					"name": "leftarms2",
					"parent": "leftarms",
					"pivot": [3.1, 8, -6.25],
					"rotation": [0, 5, 0],
					"cubes": [
						{"origin": [2, 6.70711, -18.22218], "size": [1, 2, 12], "inflate": 0.09, "pivot": [3.1, 8.5, -6.25], "rotation": [0, -30, 0], "uv": [38, 43], "mirror": true}
					]
				},
				{
					"name": "leftarms3",
					"parent": "leftarms",
					"pivot": [3.1, 6, -6.25],
					"cubes": [
						{"origin": [2, 5.70711, -18.22218], "size": [1, 1, 12], "inflate": 0.09, "pivot": [3.1, 8.5, -6.25], "rotation": [0, -30, 0], "uv": [38, 45], "mirror": true}
					]
				},
				{
					"name": "rightarms",
					"parent": "torso",
					"pivot": [-3.1, 8.5, -6.25]
				},
				{
					"name": "rightarms1",
					"parent": "rightarms",
					"pivot": [-3.1, 10, -6.25],
					"rotation": [0, -10, 0],
					"cubes": [
						{"origin": [-3, 8.70711, -18.22218], "size": [1, 2, 12], "inflate": 0.09, "pivot": [-3.1, 8.5, -6.25], "rotation": [0, 30, 0], "uv": [38, 41]}
					]
				},
				{
					"name": "rightarms2",
					"parent": "rightarms",
					"pivot": [-3.1, 8, -6.25],
					"rotation": [0, -5, 0],
					"cubes": [
						{"origin": [-3, 6.70711, -18.22218], "size": [1, 2, 12], "inflate": 0.09, "pivot": [-3.1, 8.5, -6.25], "rotation": [0, 30, 0], "uv": [38, 43]}
					]
				},
				{
					"name": "rightarms3",
					"parent": "rightarms",
					"pivot": [-3.1, 6, -6.25],
					"cubes": [
						{"origin": [-3, 5.70711, -18.22218], "size": [1, 1, 12], "inflate": 0.09, "pivot": [-3.1, 8.5, -6.25], "rotation": [0, 30, 0], "uv": [38, 45]}
					]
				},
				{
					"name": "leftwing",
					"parent": "torso",
					"pivot": [0, 8, -1.25],
					"rotation": [0, -45, 0],
					"cubes": [
						{"origin": [0, 6, -1.25], "size": [12, 5, 0], "uv": [0, 59]}
					]
				},
				{
					"name": "rightwing",
					"parent": "torso",
					"pivot": [0, 8, -1.25],
					"rotation": [0, 45, 0],
					"cubes": [
						{"origin": [-12, 6, -1.25], "size": [12, 5, 0], "uv": [40, 59]}
					]
				},
				{
					"name": "tail",
					"parent": "torso",
					"pivot": [0, 4, -6],
					"cubes": [
						{"origin": [-2, -4, -6], "size": [4, 8, 4], "uv": [0, 28]}
					]
				},
				{
					"name": "stinger",
					"parent": "tail",
					"pivot": [0, -3.7, -3],
					"rotation": [-67.5, 0, 0],
					"cubes": [
						{"origin": [0, -8.5, -5], "size": [0, 5, 5], "uv": [22, 12]},
						{"origin": [-0.06002, -4.25, -2.7044], "size": [0, 1, 5], "pivot": [0, -3.75, -2.75], "rotation": [0, 47.5, 90], "uv": [32, 14]}
					]
				}
			]
		}
	]
}