{
	"format_version": "1.12.0",
	"minecraft:geometry": [
		{
			"description": {
				"identifier": "geometry.scorpion",
				"texture_width": 64,
				"texture_height": 64,
				"visible_bounds_width": 3,
				"visible_bounds_height": 3.5,
				"visible_bounds_offset": [0, 1.25, 0]
			},
			"bones": [
				{
					"name": "head",
					"pivot": [0, 9, -6],
					"cubes": [
						{"origin": [-5, 4, -12], "size": [10, 8, 7], "inflate": 0.02, "uv": [30, 13]}
					]
				},
				{
					"name": "torso",
					"pivot": [0, 9, -2],
					"cubes": [
						{"origin": [-4, 5, -5], "size": [8, 7, 10], "uv": [0, 20]}
					]
				},
				{
					"name": "stinger",
					"parent": "torso",
					"pivot": [0, 9, 4]
				},
				{
					"name": "stinger_r1",
					"parent": "stinger",
					"pivot": [0, 9, 3],
					"cubes": [
						{"origin": [-3, 5.636, 2.4645], "size": [6, 5, 12], "pivot": [0, 9, 3], "rotation": [45, 0, 0], "uv": [0, 0]}
					]
				},
				{
					"name": "stringertorso",
					"parent": "stinger_r1",
					"pivot": [0, 17, 9]
				},
				{
					"name": "stringertorso_r1",
					"parent": "stringertorso",
					"pivot": [0, 17, 9],
					"cubes": [
						{"origin": [-2, 15.4142, 9], "size": [4, 3, 9], "pivot": [0, 17, 9], "rotation": [135, 0, 0], "uv": [28, 29]}
					]
				},
				{
					"name": "stingerhead",
					"parent": "stringertorso_r1",
					"pivot": [0, 23.5, 2.5]
				},
				{
					"name": "stingerhead_r1",
					"parent": "stingerhead",
					"pivot": [0, 24, 3],
					"cubes": [
						{"origin": [-2, 21.4, 2.8], "size": [4, 7, 2], "inflate": 0.01, "pivot": [0, 23, 3], "rotation": [135, 0, 0], "uv": [29, 47]}
					]
				},
				{
					"name": "leftlegs",
					"pivot": [4, 8, 0]
				},
				{
					"name": "l1",
					"parent": "leftlegs",
					"pivot": [4, 7, -1],
					"rotation": [0, 15, 35.002],
					"cubes": [
						{"origin": [3, 6, -2], "size": [12, 2, 2], "uv": [0, 40]}
					]
				},
				{
					"name": "l2",
					"parent": "leftlegs",
					"pivot": [4, 7, 0],
					"rotation": [0, -15, 35.002],
					"cubes": [
						{"origin": [3, 6, -1], "size": [12, 2, 2], "inflate": 0.05, "uv": [0, 45]}
					]
				},
				{
					"name": "l3",
					"parent": "leftlegs",
					"pivot": [4, 7, 1],
					"rotation": [0, -45.0001, 45.0001],
					"cubes": [
						{"origin": [3, 6, 0], "size": [12, 2, 2], "uv": [29, 42]}
					]
				},
				{
					"name": "rightlegs",
					"pivot": [-4, 7, -1]
				},
				{
					"name": "r1",
					"parent": "rightlegs",
					"pivot": [-4, 7, -1],
					"rotation": [0, -15, -35.002],
					"cubes": [
						{"origin": [-15, 6, -2], "size": [12, 2, 2], "uv": [0, 40], "mirror": true}
					]
				},
				{
					"name": "r2",
					"parent": "rightlegs",
					"pivot": [-4, 7, 0],
					"rotation": [0, 15, -35.002],
					"cubes": [
						{"origin": [-15, 6, -1], "size": [12, 2, 2], "inflate": 0.05, "uv": [0, 45], "mirror": true}
					]
				},
				{
					"name": "r3",
					"parent": "rightlegs",
					"pivot": [-4, 7, 1],
					"rotation": [0, 45.0001, -45.0001],
					"cubes": [
						{"origin": [-15, 6, 0], "size": [12, 2, 2], "uv": [29, 42], "mirror": true}
					]
				},
				{
					"name": "armr",
					"pivot": [-4, 5, -7],
					"rotation": [16.9997, -9.9981, -30.0001],
					"cubes": [
						{"origin": [-12.68, 3.7834, -9.438], "size": [10, 3, 6], "uv": [25, 0], "mirror": true},
						{"origin": [-12.68, 4.7834, -13.438], "size": [3, 2, 4], "uv": [46, 29], "mirror": true}
					]
				},
				{
					"name": "arml",
					"pivot": [4, 5, -7],
					"rotation": [16.9997, 9.9981, 30.0001],
					"cubes": [
						{"origin": [2.68, 3.7834, -9.438], "size": [10, 3, 6], "uv": [25, 0]},
						{"origin": [9.68, 4.7834, -13.438], "size": [3, 2, 4], "uv": [46, 29]}
					]
				}
			]
		}
	]
}