{
	"format_version": "1.12.0",
	"minecraft:geometry": [
		{
			"description": {
				"identifier": "geometry.slugger",
				"texture_width": 64,
				"texture_height": 64,
				"visible_bounds_width": 3,
				"visible_bounds_height": 3.5,
				"visible_bounds_offset": [0, 1.25, 0]
			},
			"bones": [
				{
					"name": "all",
					"pivot": [0, 0, 0]
				},
				{
					"name": "torso",
					"parent": "all",
					"pivot": [0, 16, 0]
				},
				{
					"name": "head",
					"parent": "torso",
					"pivot": [0, 32, 0],
					"cubes": [
						{"origin": [-4, 32, -4], "size": [8, 8, 8], "uv": [3, 24]}
					]
				},
				{
					"name": "body",
					"parent": "torso",
					"pivot": [0, 28, 0],
					"cubes": [
						{"origin": [-5, 16, -2], "size": [10, 16, 5], "uv": [3, 40]}
					]
				},
				{
					"name": "leftarm",
					"parent": "torso",
					"pivot": [5, 30, 0],
					"rotation": [-1, 0, 0],
					"cubes": [
						{"origin": [5, 15, -2], "size": [5, 17, 5], "uv": [0, 0], "mirror": true}
					]
				},
				{
					"name": "rightarm",
					"parent": "torso",
					"pivot": [-5, 30, 0],
					"rotation": [-1, 0, 0],
					"cubes": [
						{"origin": [-10, 15, -2], "size": [5, 17, 5], "uv": [0, 0]}
					]
				},
				{
					"name": "leftleg",
					"parent": "all",
					"pivot": [2.5, 16, 0],
					"cubes": [
						{"origin": [-0.1, 0, -2], "size": [5, 16, 5], "uv": [44, 0], "mirror": true}
					]
				},
				{
					"name": "rightleg",
					"parent": "all",
					"pivot": [-2.5, 16, 0],
					"cubes": [
						{"origin": [-4.9, 0, -2], "size": [5, 16, 5], "uv": [44, 0]}
					]
				}
			]
		}
	]
}