{
	"format_version": "1.12.0",
	"minecraft:geometry": [
		{
			"description": {
				"identifier": "geometry.wasp",
				"texture_width": 64,
				"texture_height": 64,
				"visible_bounds_width": 2,
				"visible_bounds_height": 3.5,
				"visible_bounds_offset": [0, 1.25, 0]
			},
			"bones": [
				{
					"name": "all",
					"pivot": [0, 23, 1],
					"cubes": [
						{"origin": [-1, 0, -0.5], "size": [0, 26, 0], "uv": [56, 0]}
					]
				},
				{
					"name": "head",
					"parent": "all",
					"pivot": [0, 20, -4],
					"rotation": [-10, 0, 0],
					"cubes": [
						{"origin": [-2.5, 14.98481, -8.17365], "size": [5, 6, 4], "uv": [0, 0]}
					]
				},
				{
					"name": "antenna",
					"parent": "head",
					"pivot": [0, 18.98481, -8.17365],
					"cubes": [
						{"origin": [-2.5, 18.98481, -12.17365], "size": [0, 2, 4], "pivot": [-2.5, 18.98481, -8.17365], "rotation": [0, 22.5, 0], "uv": [8, 41]},
						{"origin": [2.501, 18.98481, -12.17365], "size": [0, 2, 4], "pivot": [2.5, 18.98481, -8.17365], "rotation": [0, -22.5, 0], "uv": [0, 41]}
					]
				},
				{
					"name": "body",
					"parent": "all",
					"pivot": [0, 21, -6],
					"rotation": [22.5, 0, 0]
				},
				{
					"name": "torso",
					"parent": "body",
					"pivot": [0, 21, -6],
					"rotation": [45, 0, 0],
					"cubes": [
						{"origin": [-3, 11.70711, -6.29289], "size": [6, 8, 5], "inflate": 0.1, "uv": [0, 12]}
					]
				},
				{
					"name": "leftarms",
					"parent": "torso",
					"pivot": [3.1, 14.5, -3.25]
				},
				{
					"name": "leftarms1",
					"parent": "leftarms",
					"pivot": [3.1, 16, -3.25],
					"rotation": [0, 10, 0],
					"cubes": [
						{"origin": [2, 14.70711, -15.22218], "size": [1, 2, 12], "inflate": 0.09, "pivot": [3.1, 14.5, -3.25], "rotation": [0, -30, 0], "uv": [38, 41], "mirror": true}
					]
				},
				{
					"name": "leftarms2",
					"parent": "leftarms",
					"pivot": [3.1, 14, -3.25],
					"rotation": [0, 5, 0],
					"cubes": [
						{"origin": [2, 12.70711, -15.22218], "size": [1, 2, 12], "inflate": 0.09, "pivot": [3.1, 14.5, -3.25], "rotation": [0, -30, 0], "uv": [38, 43], "mirror": true}
					]
				},
				{
					"name": "leftarms3",
					"parent": "leftarms",
					"pivot": [3.1, 12, -3.25],
					"cubes": [
						{"origin": [2, 11.70711, -15.22218], "size": [1, 1, 12], "inflate": 0.09, "pivot": [3.1, 14.5, -3.25], "rotation": [0, -30, 0], "uv": [38, 45], "mirror": true}
					]
				},
				{
					"name": "rightarms",
					"parent": "torso",
					"pivot": [-3.1, 14.5, -3.25]
				},
				{
					"name": "rightarms1",
					"parent": "rightarms",
					"pivot": [-3.1, 16, -3.25],
					"rotation": [0, -10, 0],
					"cubes": [
						{"origin": [-3, 14.70711, -15.22218], "size": [1, 2, 12], "inflate": 0.09, "pivot": [-3.1, 14.5, -3.25], "rotation": [0, 30, 0], "uv": [38, 41]}
					]
				},
				{
					"name": "rightarms2",
					"parent": "rightarms",
					"pivot": [-3.1, 14, -3.25],
					"rotation": [0, -5, 0],
					"cubes": [
						{"origin": [-3, 12.70711, -15.22218], "size": [1, 2, 12], "inflate": 0.09, "pivot": [-3.1, 14.5, -3.25], "rotation": [0, 30, 0], "uv": [38, 43]}
					]
				},
				{
					"name": "rightarms3",
					"parent": "rightarms",
					"pivot": [-3.1, 12, -3.25],
					"cubes": [
						{"origin": [-3, 11.70711, -15.22218], "size": [1, 1, 12], "inflate": 0.09, "pivot": [-3.1, 14.5, -3.25], "rotation": [0, 30, 0], "uv": [38, 45]}
					]
				},
				{
					"name": "leftwing",
					"parent": "torso",
					"pivot": [0, 16, -1.25],
					"rotation": [0, -45, 0],
					"cubes": [
						{"origin": [0, 14, -1.25], "size": [12, 5, 0], "uv": [0, 59]}
					]
				},
				{
					"name": "rightwing",
					"parent": "torso",
					"pivot": [0, 16, -1.25],
					"rotation": [0, 45, 0],
					"cubes": [
						{"origin": [-12, 14, -1.25], "size": [12, 5, 0], "uv": [40, 59]}
					]
				},
				{
					"name": "tail",
					"parent": "torso",
					"pivot": [0, 12, -6],
					"rotation": [-67.5, 0, 0],
					"cubes": [
						{"origin": [-2, 2, -6], "size": [4, 10, 4], "uv": [0, 26]}
					]
				},
				{
					"name": "stinger",
					"parent": "tail",
					"pivot": [0, 2.3, -3],
					"rotation": [-67.5, 0, 0],
					"cubes": [
						{"origin": [0, -2.5, -5], "size": [0, 5, 5], "uv": [22, 12]},
						{"origin": [-0.06002, 1.75, -2.7044], "size": [0, 1, 5], "pivot": [0, 2.25, -2.75], "rotation": [0, 47.5, 90], "uv": [32, 14]}
					]
				}
			]
		}
	]
}