{
	"format_version": "1.8.0",
	"animations": {
		"idle": {
			"loop": true,
			"animation_length": 0.33333,
			"bones": {
				"leftwing": {
					"rotation": {
						"0.0": {
							"vector": [0, 45, 0]
						},
						"0.1667": {
							"vector": [0, -35, 0],
							"easing": "easeInOutSine"
						},
						"0.3333": {
							"vector": [0, 45, 0],
							"easing": "easeInOutSine"
						}
					}
				},
				"rightwing": {
					"rotation": {
						"0.0": {
							"vector": [0, -45, 0]
						},
						"0.1667": {
							"vector": [0, 35, 0],
							"easing": "easeInOutSine"
						},
						"0.3333": {
							"vector": [0, -45, 0],
							"easing": "easeInOutSine"
						}
					}
				}
			}
		}
	}
}