{
  "display": {
    "icon": {
      "item": "enemyexpansion:meathead_armor_helmet"
    },
    "title": {
      "translate": "advancements.meathead_obtained.title"
    },
    "description": {
      "translate": "advancements.meathead_obtained.descr"
    },
    "frame": "task",
    "show_toast": true,
    "announce_to_chat": true,
    "hidden": true
  },
  "criteria": {
    "meathead_obtained": {
      "trigger": "minecraft:inventory_changed",
      "conditions": {
        "items": [
          {
            "items": [
              "enemyexpansion:meathead_armor_helmet"
            ],
            "count": {
              "min": 1,
              "max": 1
            }
          }
        ]
      }
    }
  },
  "rewards": {
    "experience": 10
  },
  "parent": "minecraft:story/root"
}